user_id,final_correct_predictions,final_state_predictions
360bbc05-9cab-44e6-a31e-9163937e7892,0.5401031010719762,0.9999999999996334
6a2acbab-07bf-491c-9ef3-d44acfbbf9c1,0.7600085398731854,0.5201544983757329
8cad0d64-f275-468e-9ec7-468a3faa9f6f,0.7630379731778174,0.5135441118767823
b50b1fbb-0a48-41a9-80ba-58580ce20f94,0.5401031179271554,0.9999999632207257
e7ba6a36-8d78-4290-bbe4-fe5f3848bcca,0.7600085398731854,0.5201544983757329
